{
  "mae": 3.9081679641019673,
  "r2": 0.74955748857309823,
  "rows": 400,
  "group_folds": 5
}